year,regten,bage,mean_renthog,median_renthog,mean_riquezanet,median_riquezanet,ratio_mean_wealth,ratio_median_wealth,ratio_mean_renthog,ratio_median_renthog
2002,Alquiler,Entre 35 y 44 anos,22377.3084171576,19535.8,14953.5255803796,980,1.26310136802092,1.03049421661409,1.18453090004806,1.1017381202134
2002,Alquiler,Entre 45 y 54 anos,25693.7338457079,21786.6,22741.4906578356,1001,1.92093883187231,1.05257623554154,1.36008411335637,1.22867390789429
2002,Alquiler,Entre 55 y 64 anos,21918.8711328352,18683.2,26781.3803990617,1044.4,2.26218212138069,1.09821240799159,1.16026376662474,1.05365501528328
2002,Alquiler,Entre 65 y 74 anos,18025.0011639539,12385.4,25580.3116312599,3821.8,2.16072968492729,4.01871713985279,0.954143834194769,0.698485207367554
2002,Alquiler,Mayores de 74 anos,9438.55482142247,7757,31314.5355439991,2070,2.64509078290291,2.17665615141956,0.499624871291498,0.437462637746873
2002,Alquiler,Menor de 35 anos,18891.2829680084,17731.8,11838.7375383889,951,1,1,1,1
2002,Casero,Entre 35 y 44 anos,36193.6256960014,30584,311213.433899092,262854,26.2877213799137,276.397476340694,1.91589029486742,1.72481079191058
2002,Casero,Entre 45 y 54 anos,64783.2074025858,42422.2,735251.599427926,334290.4,62.1055747746551,351.514616193481,3.42926457204063,2.39243618809145
2002,Casero,Entre 55 y 64 anos,49435.4155082107,41711,524956.856286526,415075,44.3423004002137,436.461619348055,2.61683738430722,2.35232745688537
2002,Casero,Entre 65 y 74 anos,44991.1271970502,32143.2,461117.396809623,294765.8,38.9498791838556,309.953522607781,2.38158135015186,1.81274320711941
2002,Casero,Mayores de 74 anos,24432.9988260284,18514.8,598658.797476428,399256.4,50.5677903184514,419.827970557308,1.29334777671822,1.04415795350726
2002,Casero,Menor de 35 anos,58484.4235275935,63372.8,513037.698242879,513449.2,43.3355074034945,539.904521556257,3.09584180315516,3.57396316222831
2002,Cesion,Entre 35 y 44 anos,24658.6432648474,17977.4,42830.5283630291,7781.6,3.61782903152846,8.18254468980021,1.30529214488004,1.01385082168759
2002,Cesion,Entre 45 y 54 anos,25675.9780155279,17883.2,94435.1111584599,1399.2,7.97678898212246,1.47129337539432,1.35914421794481,1.00853833226181
2002,Cesion,Entre 55 y 64 anos,24555.0860713226,19225.8,49596.1212743904,11732,4.18930828676348,12.3364879074658,1.2998104000086,1.08425540554258
2002,Cesion,Entre 65 y 74 anos,16680.9597497038,10347.8,36827.9361240787,1654.2,3.11079927269767,1.73943217665615,0.88299771793966,0.583573015711885
2002,Cesion,Mayores de 74 anos,12313.8765973492,8411.2,20501.0807538394,2058,1.73169484392754,2.16403785488959,0.651828497736347,0.474356805287675
2002,Cesion,Menor de 35 anos,21040.4723331701,17789.4,22833.5968844349,6169.8,1.92871890354809,6.48769716088328,1.11376619411192,1.00324840117755
2002,Propiedad,Entre 35 y 44 anos,31655.724680548,25019.4,146464.945329752,105283.6,12.371669264127,110.708307045216,1.67567892208039,1.41099042398403
2002,Propiedad,Entre 45 y 54 anos,38359.0224384678,29071.2,196777.50833285,132512.6,16.6214942847386,139.340273396425,2.03051441786284,1.63949514431699
2002,Propiedad,Entre 55 y 64 anos,35141.7505841192,25833.4,226057.525131708,133979.2,19.0947323900613,140.882439537329,1.86020984618304,1.45689664895837
2002,Propiedad,Entre 65 y 74 anos,21154.7369407799,15534,158673.679503333,110692.8,13.4029223123505,116.396214511041,1.11981473024381,0.876053192569282
2002,Propiedad,Mayores de 74 anos,13956.7978769195,9989,123458.011049728,84708.4,10.428308816662,89.0729758149317,0.738795660440574,0.563338183376758
2002,Propiedad,Menor de 35 anos,30387.0095917463,25773.2,107896.145094448,79126.2,9.11382187032851,83.2031545741325,1.60852016473447,1.453501618561
2005,Alquiler,Entre 35 y 44 anos,22994.5014861919,18660,13770.5468811933,1040,1.02976160786453,0.926751024772768,1.26075298485049,1.40457049950321
2005,Alquiler,Entre 45 y 54 anos,25412.8729339242,20559.486,32007.4230654994,1320.49,2.39351535737065,1.17669755836749,1.39334855440596,1.54754809863608
2005,Alquiler,Entre 55 y 64 anos,19287.9963935377,13562.7186,47706.7070863585,1300,3.56750794423883,1.15843878096596,1.05753103799796,1.02088930539247
2005,Alquiler,Entre 65 y 74 anos,16754.6460104254,9840,30159.2451350946,3188,2.25530859669127,2.84084833363037,0.918631351083724,0.740673832535453
2005,Alquiler,Mayores de 74 anos,12165.5107887125,7442.2,31299.9668929719,4690,2.34061177903052,4.17929067902335,0.667016158115468,0.5601872760666
2005,Alquiler,Menor de 35 anos,18238.7047760341,13285.2,13372.5580522953,1122.2,1,1,1,1
2005,Casero,Entre 35 y 44 anos,66671.4865631805,39907.4,678569.424147353,487934.868,50.7434270611284,434.80205667439,3.65549458593067,3.00389907566314
2005,Casero,Entre 45 y 54 anos,80619.1601715596,38243.59,1087654.08781123,623840.406,81.3347815397628,555.908399572269,4.4202239776091,2.87866121699335
2005,Casero,Entre 55 y 64 anos,68885.4404326484,52037.77,1164933.35810058,627117.766,87.1137260010341,558.828877205489,3.77688225554069,3.91697302261163
2005,Casero,Entre 65 y 74 anos,38023.644238143,29560.374,707640.762338181,495759.296,52.9173819676721,441.774457315986,2.08477765855975,2.22506051847168
2005,Casero,Mayores de 74 anos,28722.8242541102,21800,677307.465361712,490241.08,50.6490577728662,436.857137765104,1.57482807067815,1.6409237346822
2005,Casero,Menor de 35 anos,103207.45712388,57539,785237.46014181,640668.81,58.7200636610457,570.904304045625,5.65870539554408,4.33106012705868
2005,Cesion,Entre 35 y 44 anos,26200.8299792111,22367.49,56757.8404445822,10000,4.24435177044082,8.911067545892,1.43655102162952,1.68363968927829
2005,Cesion,Entre 45 y 54 anos,18620.6333999566,15494,40237.5734468998,1002.206,3.00896606988319,0.893072536089824,1.0209405562847,1.16626019931954
2005,Cesion,Entre 55 y 64 anos,28169.2815545355,23708.2,109636.371310436,5287.254,8.19860873900771,4.71150775262877,1.5444781798075,1.78455725167856
2005,Cesion,Entre 65 y 74 anos,14395.1715168234,8497.4,44079.2851279695,2255.212,3.29624930066417,2.00963464623062,0.78926501051428,0.639614006563695
2005,Cesion,Mayores de 74 anos,10307.9646471834,8276.86682,27189.9101580028,3067.8,2.03326170293468,2.73373730172875,0.565169773498837,0.623014092373468
2005,Cesion,Menor de 35 anos,19383.4512484829,15857.8,28554.832513953,3367.4,2.13533060782277,3.00071288540367,1.06276468019555,1.19364405503869
2005,Propiedad,Entre 35 y 44 anos,35880.8202812394,27311.086,232916.330461707,199376.12,17.4174850878085,177.665407235787,1.96728993214404,2.05575271730949
2005,Propiedad,Entre 45 y 54 anos,38952.7785313567,30360,349411.932397266,246906.506,26.1290271487953,220.020055248619,2.13572065613678,2.28524975160329
2005,Propiedad,Entre 55 y 64 anos,36182.2752929902,25716.668,383868.939551963,242986.676,28.7057224242952,216.527068258777,1.98381824462306,1.93573811459368
2005,Propiedad,Entre 65 y 74 anos,20467.0427778375,14656.194,245844.830485571,189559.186,18.3842784248278,168.917471039031,1.12217632935928,1.10319709150032
2005,Propiedad,Mayores de 74 anos,12791.3771313912,9553.458,217737.273486365,162419.52,16.2823950836386,144.733131349136,0.701331442581343,0.719105320205943
2005,Propiedad,Menor de 35 anos,31642.9861351453,25195.4,187278.72815173,130506.348,14.0047048155895,116.295088219569,1.73493603431339,1.8965013699455
2008,Alquiler,Entre 35 y 44 anos,27919.1256940784,24668.2,70792.2372026419,746.4,2.74245132560534,1.0447928331467,1.23699620352865,1.17769332862285
2008,Alquiler,Entre 45 y 54 anos,25335.6198402338,22533,42203.9789023933,693.2,1.63495832961709,0.970324748040314,1.12253033636585,1.07575598437903
2008,Alquiler,Entre 55 y 64 anos,30696.1942721966,19400,72725.0029953086,1810.8,2.81732558187458,2.53471444568869,1.36003813993139,0.926182314691925
2008,Alquiler,Entre 65 y 74 anos,17183.7255561729,13136.2,21675.7530363085,800,0.839706442356927,1.11982082866741,0.76134917362303,0.627140006301859
2008,Alquiler,Mayores de 74 anos,17818.0382493206,12088,65245.2242270979,9920,2.52756317276472,13.8857782754759,0.789453291275974,0.577097516494639
2008,Alquiler,Menor de 35 anos,22570.098125149,20946.2,25813.4890277463,714.4,1,1,1,1
2008,Casero,Entre 35 y 44 anos,53274.0750348412,49077.6,382433.205665027,224949,14.8152466043609,314.878219484882,2.36038296065182,2.34303119420229
2008,Casero,Entre 45 y 54 anos,67930.7881370348,43550,1049813.42098105,750160.2,40.6691795848532,1050.05627099664,3.00976928679553,2.07913607241409
2008,Casero,Entre 55 y 64 anos,92683.0742049312,52589.2,1446491.16940727,926200,56.0362517384795,1296.4725643897,4.10645419842717,2.51067974143281
2008,Casero,Entre 65 y 74 anos,50818.678195743,37368,1083955.8641167,650824,41.9918385674863,911.007838745801,2.25159314390032,1.78399900697979
2008,Casero,Mayores de 74 anos,52572.6591623106,26800,1113651.6292955,713991,43.1422357550529,999.427491601344,2.32930574208408,1.27946835225482
2008,Casero,Menor de 35 anos,66926.3610322739,66355,395538.491408833,135755.37,15.3229379795841,190.027113661814,2.96526672862359,3.16787770574138
2008,Cesion,Entre 35 y 44 anos,29208.8103418568,21600,117388.722096548,6200,4.54757285891764,8.67861142217245,1.29413749908825,1.03121329883225
2008,Cesion,Entre 45 y 54 anos,25246.7924744633,21035,78585.9638762993,12808.8,3.04437589943107,17.929451287794,1.11859471476253,1.00423943245075
2008,Cesion,Entre 55 y 64 anos,26304.1509324529,21839.2,94667.7655764899,3038.4,3.66737582334313,4.25307950727884,1.16544247112259,1.04263303128969
2008,Cesion,Entre 65 y 74 anos,23044.6672451135,20377.6,15530.4915345093,932.8,0.601642479163352,1.3057110862262,1.02102645355519,0.97285426473537
2008,Cesion,Mayores de 74 anos,11371.1685869883,10699.2,54085.4208659758,1073.2,2.09523868733284,1.50223964165734,0.503815646876512,0.510794320688239
2008,Cesion,Menor de 35 anos,22830.7354027871,22186.4,-142.220343285947,17,-0.0055095358528666,0.0237961926091825,1.01154790183866,1.05920883024128
2008,Propiedad,Entre 35 y 44 anos,36164.7079667735,29792,227546.11091925,184273.6,8.81500794699492,257.941769316909,1.60232834461967,1.42231049068566
2008,Propiedad,Entre 45 y 54 anos,43227.0848837259,32510,333214.807312845,216834.208,12.9085536230565,303.519328107503,1.91523690522017,1.55207149745539
2008,Propiedad,Entre 55 y 64 anos,40652.6995227983,31100,416425.081358177,284740,16.1320726892274,398.572228443449,1.80117513434736,1.48475618489273
2008,Propiedad,Entre 65 y 74 anos,23415.7077166925,17124,313151.288671997,207838.4,12.1313042314969,290.927211646137,1.03746592446584,0.81752298746312
2008,Propiedad,Mayores de 74 anos,15321.4384934804,10529.6,266110.077957809,167646.4,10.3089542708378,234.667413213886,0.67883792124095,0.502697386638149
2008,Propiedad,Menor de 35 anos,34853.4527391731,28883.6,195498.473782781,122034.1,7.57350056680228,170.820408734602,1.54423133412687,1.37894224250699
2011,Alquiler,Entre 35 y 44 anos,26594.5472235584,17886.4,10493.2672178015,925,0.164561317962116,0.185,0.939292959001464,0.841839712333151
2011,Alquiler,Entre 45 y 54 anos,29619.2502978965,18158.2,69306.645600404,2364,1.08690579462107,0.4728,1.04612246344511,0.85463222697065
2011,Alquiler,Entre 55 y 64 anos,17988.6499257855,13100,32007.4773327702,1450,0.50195926065693,0.29,0.635341225221719,0.616563435434983
2011,Alquiler,Entre 65 y 74 anos,19598.4973951549,12720,60680.948659162,2000,0.951632764064441,0.4,0.692199436806744,0.598678389216259
2011,Alquiler,Mayores de 74 anos,18843.2696194024,16437.4,78039.3342705741,6864.2,1.22385672964331,1.37284,0.665525542859859,0.773641207146488
2011,Alquiler,Menor de 35 anos,28313.3680165455,21246.8,63765.0898020709,5000,1,1,1,1
2011,Casero,Entre 35 y 44 anos,54245.2479135929,43700,317449.807684569,205542.4,4.97842641906323,41.10848,1.91588820806813,2.05678031515334
2011,Casero,Entre 45 y 54 anos,71542.7218515857,45393.8,747771.699563326,417681,11.7269763421401,83.5362,2.52681778479262,2.13650055537775
2011,Casero,Entre 55 y 64 anos,105172.795330642,48183,1704526.61539014,1145461.8,26.7313450146632,229.09236,3.71459853413349,2.26777679462319
2011,Casero,Entre 65 y 74 anos,58399.9325866513,44906,1359005.23584154,753368.85,21.3126844180717,150.67377,2.06262753878394,2.11354180394224
2011,Casero,Mayores de 74 anos,46150.3473464626,27403.2,1097066.74232372,676965.2,17.2048176475413,135.39304,1.6299843706158,1.28975657510778
2011,Casero,Menor de 35 anos,61899.1579892287,60195,286977.889583986,164427.68,4.50054866188969,32.885536,2.18621669993681,2.8331325187793
2011,Cesion,Entre 35 y 44 anos,20380.9229993427,20254.2,45350.0574702171,8044.6,0.71120510628912,1.60892,0.719833931005052,0.953282376640247
2011,Cesion,Entre 45 y 54 anos,22078.6035813183,20200,72531.3888174518,22102.4,1.13747803135841,4.42048,0.779794320775128,0.950731404258524
2011,Cesion,Entre 55 y 64 anos,22282.9709857259,18250,122538.727776649,3600,1.92172124523016,0.72,0.787012374250367,0.858952877609805
2011,Cesion,Entre 65 y 74 anos,12008.152565402,9565.2,29238.6711025792,6000,0.458537284168141,1.2,0.424116006205435,0.450194852871962
2011,Cesion,Mayores de 74 anos,12884.2786214657,10220,61263.0015725155,4590.4,0.960760845200375,0.91808,0.455059907176586,0.481013611461491
2011,Cesion,Menor de 35 anos,19755.9839316027,17498,23018.6684154145,7700,0.360991703875354,1.54,0.697761704649827,0.823559312461171
2011,Propiedad,Entre 35 y 44 anos,32861.4146392849,28168,200700.872153496,140267,3.1475039520289,28.0534,1.16063248357036,1.32575258391852
2011,Propiedad,Entre 45 y 54 anos,39347.7609916993,30154.4,262745.129173885,182372.8,4.1205168845438,36.47456,1.38972378590585,1.41924430973135
2011,Propiedad,Entre 55 y 64 anos,43700.9222526554,30936,381832.472859646,246195.4,5.9881115833894,49.23908,1.54347311231634,1.4560310258486
2011,Propiedad,Entre 65 y 74 anos,27456.5723381594,18836.4,328726.588438525,211221.04,5.15527523695025,42.244208,0.969738828743883,0.886552327879963
2011,Propiedad,Mayores de 74 anos,17982.4437432426,12034,257453.934524439,166707,4.03753739426362,33.3414,0.635122029026506,0.56639117420035
2011,Propiedad,Menor de 35 anos,34513.1818360187,28199.8,111802.279179594,84424.9,1.75334622011248,16.88498,1.21897125823569,1.32724927989156
2014,Alquiler,Entre 35 y 44 anos,22212.0536356706,15040,51421.2004189105,520,4.578339519757,1.01960784313725,0.883195790439938,0.76734693877551
2014,Alquiler,Entre 45 y 54 anos,38253.1035113254,16900,106716.876619676,4800,9.50164697970011,9.41176470588235,1.52102009776395,0.862244897959184
2014,Alquiler,Entre 55 y 64 anos,16395.0138103416,12240,40413.4309488927,604,3.59825143199577,1.1843137254902,0.651898623108164,0.624489795918367
2014,Alquiler,Entre 65 y 74 anos,16960.5476532216,11600,31029.614394823,450,2.7627536640392,0.882352941176471,0.674385382665634,0.591836734693878
2014,Alquiler,Mayores de 74 anos,16617.5268040231,14000,172330.307563095,2373.6,15.3436063557521,4.65411764705882,0.660746185902721,0.714285714285714
2014,Alquiler,Menor de 35 anos,25149.6371202204,19600,11231.408286129,510,1,1,1,1
2014,Casero,Entre 35 y 44 anos,56655.9607344311,47780,319412.535921915,160563.4,28.4392239855082,314.830196078431,2.25275460093536,2.43775510204082
2014,Casero,Entre 45 y 54 anos,50704.4128296969,37700,576963.341173938,365490.4,51.3705250913637,716.647843137255,2.01610912266128,1.9234693877551
2014,Casero,Entre 55 y 64 anos,57701.8797522071,44796,958513.983185873,682156.8,85.3422793265969,1337.56235294118,2.29434243827776,2.28551020408163
2014,Casero,Entre 65 y 74 anos,55440.1197595894,46040,1158259.65429449,908281.2,103.126840800986,1780.94352941176,2.20441032586571,2.34897959183673
2014,Casero,Mayores de 74 anos,48007.9510140972,38825.2,923048.306691924,553650.8,82.1845563064348,1085.58980392157,1.90889239413712,1.98087755102041
2014,Casero,Menor de 35 anos,27723.6231838885,7440,310946.698297719,-42800,27.685459416674,-83.921568627451,1.10234684704849,0.379591836734694
2014,Cesion,Entre 35 y 44 anos,20481.9594022569,17020,30436.3494294241,12300,2.7099317070517,24.1176470588235,0.814403774668754,0.868367346938775
2014,Cesion,Entre 45 y 54 anos,19861.0979692904,18000,54031.998149498,11100,4.8107945836346,21.7647058823529,0.789717079190858,0.918367346938776
2014,Cesion,Entre 55 y 64 anos,20845.5159405058,12756,45630.3764740615,223.4,4.06274754791133,0.438039215686275,0.82885951160488,0.650816326530612
2014,Cesion,Entre 65 y 74 anos,16181.8401375292,14160.8,43917.3860586086,920,3.91022968267012,1.80392156862745,0.643422410437843,0.722489795918367
2014,Cesion,Mayores de 74 anos,15927.8196543282,13780.8,72641.3780393235,3741,6.4676998813263,7.33529411764706,0.633322046683615,0.703102040816327
2014,Cesion,Menor de 35 anos,16187.8605580908,13200,10083.5889021256,378.4,0.897802719413118,0.741960784313726,0.643661794431053,0.673469387755102
2014,Propiedad,Entre 35 y 44 anos,34480.6666584533,31160.8,127183.134940122,90934.4,11.3238813602027,178.302745098039,1.37102044429622,1.58983673469388
2014,Propiedad,Entre 45 y 54 anos,32669.647017184,26138.4,209713.300251677,140950.932,18.6720395972674,276.374376470588,1.29901067204336,1.33359183673469
2014,Propiedad,Entre 55 y 64 anos,38483.785070856,27481.4,357134.581719409,199921.6,31.7978451696461,392.003137254902,1.53019245911564,1.40211224489796
2014,Propiedad,Entre 65 y 74 anos,29480.4495582283,23008.8,369766.593310263,218136.8,32.9225493268669,427.719215686275,1.1722017863441,1.17391836734694
2014,Propiedad,Mayores de 74 anos,17792.9306800304,13020,268268.409839041,138039.7,23.8855540645209,270.666078431373,0.707482600841379,0.664285714285714
2014,Propiedad,Menor de 35 anos,28848.6248889497,23719.8,116078.774573947,49111,10.3351932025574,96.2960784313726,1.14707917060781,1.21019387755102
2017,Alquiler,Entre 35 y 44 anos,25612.164224455,17383.8,24759.9541222478,2053,2.5520170906866,2.51100782778865,1.02421819729606,0.807812412870128
2017,Alquiler,Entre 45 y 54 anos,21474.8524854008,17148.2,38250.5043241177,1833.8,3.94249279625355,2.2429060665362,0.85876907968577,0.796864253982416
2017,Alquiler,Entre 55 y 64 anos,20197.4976877942,15376,41016.4155270982,672.4,4.22757622679938,0.822407045009785,0.807688272275404,0.714511422145393
2017,Alquiler,Entre 65 y 74 anos,23920.4287038446,18737,80710.8906370037,2554,8.31889959461167,3.12377690802348,0.956566502966891,0.870694622576628
2017,Alquiler,Mayores de 74 anos,15208.6940545532,11480,41921.8709062298,2000,4.32090182792889,2.44618395303327,0.608188401076571,0.53346716481719
2017,Alquiler,Menor de 35 anos,25006.5506471875,21519.6,9702.11140536927,817.6,1,1,1,1
2017,Casero,Entre 35 y 44 anos,63647.9433628095,46248.4,381722.948854058,174862,39.3443172217964,213.872309197652,2.54525081290922,2.14912916596963
2017,Casero,Entre 45 y 54 anos,84860.0936565076,53321.6,725105.698965251,303060,74.7368968123751,370.670254403131,3.39351455759661,2.47781557278016
2017,Casero,Entre 55 y 64 anos,61672.133441027,50564.6,776574.904486877,551198.856,80.0418457426814,674.166898238748,2.4662391191471,2.34969980854663
2017,Casero,Entre 65 y 74 anos,58752.5305496871,44543.4,950843.843365341,621710.8,98.0038059384818,760.409491193738,2.34948559593904,2.06989906875593
2017,Casero,Mayores de 74 anos,71259.4190917708,36376,1374285.38737749,771437,141.648073286083,943.538405088063,2.84963008681829,1.69036599193294
2017,Casero,Menor de 35 anos,55791.1906736845,35371,134562.287170826,35135.8,13.869381781821,42.9743150684932,2.2310630306767,1.64366438037882
2017,Cesion,Entre 35 y 44 anos,21840.7402215669,19840,23018.653994243,3200,2.3725406803208,3.91389432485323,0.87340075525464,0.921950222123088
2017,Cesion,Entre 45 y 54 anos,24226.7104348815,19732,65797.8044006294,2611.2,6.78180260476251,3.19373776908023,0.968814562899595,0.916931541478466
2017,Cesion,Entre 55 y 64 anos,24538.7824174642,17996,53988.0028929675,2924.4,5.56456225220109,3.57681017612524,0.981294172222194,0.836260897042696
2017,Cesion,Entre 65 y 74 anos,14749.9827099549,12522.4,80625.8940001496,3000,8.31013896166254,3.6692759295499,0.589844753803095,0.581906726890835
2017,Cesion,Mayores de 74 anos,17369.9036204027,11931.8,53937.3000763739,19506.376,5.55933629524439,23.8580919765166,0.694614137930146,0.554461978847191
2017,Cesion,Menor de 35 anos,14226.1779968671,10975.6,3312.74119554428,504,0.341445388238993,0.616438356164384,0.568898053857227,0.510028067436198
2017,Propiedad,Entre 35 y 44 anos,37226.8357560917,32726.6,150989.612056655,97070.04,15.5625518763983,118.725587084149,1.48868335666593,1.52078105540995
2017,Propiedad,Entre 45 y 54 anos,36829.0081151337,29833.4,236406.393086207,136801.6,24.3664892319601,167.320939334638,1.47277441958097,1.38633617725237
2017,Propiedad,Entre 55 y 64 anos,41793.5886345135,29947,314380.001325186,193031.6,32.4032561769188,236.095401174168,1.67130562004217,1.39161508578226
2017,Propiedad,Entre 65 y 74 anos,32791.7180859947,25592,345897.154103693,196699.8,35.6517400853869,240.581947162427,1.31132512231081,1.18924143571442
2017,Propiedad,Mayores de 74 anos,20451.3898802715,15861.2,313569.008265699,149497.2,32.3196668399588,182.848825831703,0.817841299618495,0.737058309634008
2017,Propiedad,Menor de 35 anos,31927.9744310507,30040,99324.0234523154,71213.8,10.2373616733929,87.1010273972603,1.27678442666948,1.39593672744847
2020,Alquiler,Entre 35 y 44 anos,28294.7706555851,24938.8,20961.7387693864,1200,1.00682707573255,0.4,0.951157836128522,1.03911666666667
2020,Alquiler,Entre 45 y 54 anos,20134.4718906037,17896,20189.2630124426,400,0.969723784064117,0.133333333333333,0.676840994690196,0.745666666666667
2020,Alquiler,Entre 55 y 64 anos,26994.9724031593,21512.4,45157.9073902654,1199.4,2.16900918116313,0.3998,0.907463780140941,0.89635
2020,Alquiler,Entre 65 y 74 anos,19284.4354900031,16031.4,46032.7446499247,300,2.21102906556179,0.1,0.64826614623967,0.667975
2020,Alquiler,Mayores de 74 anos,17761.5751135645,16140.8,132158.154739294,3080,6.34777534126612,1.02666666666667,0.597073627381303,0.672533333333333
2020,Alquiler,Menor de 35 anos,29747.7133456133,24000,20819.6017713717,3000,1,1,1,1
2020,Casero,Entre 35 y 44 anos,71654.8516269125,56656.8,254251.715644773,222890.2,12.2121315497199,74.2967333333333,2.40875158350546,2.3607
2020,Casero,Entre 45 y 54 anos,68693.008463216,60163.2,741513.908765985,383560.1,35.616142753778,127.853366666667,2.30918617727456,2.5068
2020,Casero,Entre 55 y 64 anos,91790.7461677881,65307.6,986357.418337611,682113.5,47.3763825633742,227.371166666667,3.08564040204871,2.72115
2020,Casero,Entre 65 y 74 anos,59422.2682120052,45237.8,966228.998636807,683399,46.4095811844697,227.799666666667,1.9975407024274,1.88490833333333
2020,Casero,Mayores de 74 anos,45917.5703424922,33640,1140637.9824028,790500,54.786733912041,263.5,1.54356638471721,1.40166666666667
2020,Casero,Menor de 35 anos,61319.4812508484,54168.8,552265.522028368,322091,26.5262288920323,107.363666666667,2.06131747131047,2.25703333333333
2020,Cesion,Entre 35 y 44 anos,28826.4184871043,19344,68581.3473879909,1500,3.29407584934187,0.5,0.969029725148779,0.806
2020,Cesion,Entre 45 y 54 anos,19186.6202272242,15239.2,40335.3751546877,5600,1.93737496027188,1.86666666666667,0.644977985511399,0.634966666666667
2020,Cesion,Entre 55 y 64 anos,24852.5008567677,26760,53453.3454501397,10000,2.56745282821122,3.33333333333333,0.835442394110355,1.115
2020,Cesion,Entre 65 y 74 anos,18247.4673320893,14168,53331.1397366936,14652.6,2.56158308513025,4.8842,0.613407394379783,0.590333333333333
2020,Cesion,Mayores de 74 anos,46766.2833412575,14000,214351.221228063,26354.6,10.2956446324929,8.78486666666667,1.57209674565302,0.583333333333333
2020,Cesion,Menor de 35 anos,27321.6386573548,26000,43050.6298433034,6000,2.06779314590449,2,0.918445002475586,1.08333333333333
2020,Propiedad,Entre 35 y 44 anos,40948.5111775204,36725,179911.011516262,106791,8.64142424489844,35.597,1.37652634680772,1.53020833333333
2020,Propiedad,Entre 45 y 54 anos,39077.5873503398,33819,286347.391902654,142423.4,13.7537401073828,47.4744666666667,1.31363331683114,1.409125
2020,Propiedad,Entre 55 y 64 anos,41397.9156304451,32320.6,308019.841101324,177947.14,14.7947037836656,59.3157133333333,1.39163354001291,1.34669166666667
2020,Propiedad,Entre 65 y 74 anos,34111.5771360975,26947.2,335244.10778578,213128.85,16.102330460843,71.04295,1.14669577253835,1.1228
2020,Propiedad,Mayores de 74 anos,24469.0452735394,17568.6,349641.301630109,183373.236,16.7938515572804,61.124412,0.822552140033569,0.732025
2020,Propiedad,Menor de 35 anos,34656.6479562233,34000,116465.646564507,90889.6,5.59403814940659,30.2965333333333,1.16501888913535,1.41666666666667
2022,Alquiler,Entre 35 y 44 anos,27774.4479015859,22847.6,20196.3530806949,1500,0.873457095952202,0.377738604885419,1.02108279439347,0.956366680619506
2022,Alquiler,Entre 45 y 54 anos,25438.9701475135,21072,28722.1485756956,750.6,1.24218290223968,0.189020397884664,0.935222720421098,0.882042695688573
2022,Alquiler,Entre 55 y 64 anos,29833.2375569911,21727.4,54023.0831588777,4460,2.33640425782822,1.12314278519265,1.09677087654215,0.909476768522394
2022,Alquiler,Entre 65 y 74 anos,22913.8187216236,17246,34943.6384748059,2238.2,1.511251504777,0.563636363636364,0.842389599728637,0.721892005023022
2022,Alquiler,Mayores de 74 anos,22038.6990673305,15813.4,93738.5189659162,4441.6,4.05402768646846,1.11850919163939,0.810217236655917,0.661925491837589
2022,Alquiler,Menor de 35 anos,27200.9753313727,23890,23122.3183992543,3971,1,1,1,1
2022,Casero,Entre 35 y 44 anos,71068.7480839266,56869.4,594952.435766288,262696.8,25.7306566535938,66.1538151599094,2.6127279341325,2.38046881540393
2022,Casero,Entre 45 y 54 anos,70444.0879084454,59417.4,659732.32702241,404320,28.5322741271345,101.818181818182,2.58976330996476,2.48712431979908
2022,Casero,Entre 55 y 64 anos,79475.0137672504,53974,1629017.44292524,774834.2,70.452167243652,195.12319315034,2.92177073796272,2.25927166178317
2022,Casero,Entre 65 y 74 anos,64076.4925710214,54899.2,1142258.79842401,765083.2,49.4007036275761,192.667640392848,2.35566893430905,2.29799916282964
2022,Casero,Mayores de 74 anos,64493.4637460378,56131.4,1213975.99578482,676268.3,52.5023475078506,170.301762780156,2.37099820724638,2.34957722896609
2022,Casero,Menor de 35 anos,56457.7691495546,51400,651730.778338884,380604.8,28.1862210823938,95.846084109796,2.07557885192588,2.15152783591461
2022,Cesion,Entre 35 y 44 anos,26145.9246656896,20000,49533.1827715681,12900,2.14222388586974,3.24855200201461,0.96121276340903,0.837170364169108
2022,Cesion,Entre 45 y 54 anos,21988.6987802837,15537,45591.8578759874,7492.98,1.97176844850721,1.88692520775623,0.808379056721643,0.650355797404772
2022,Cesion,Entre 55 y 64 anos,23580.1935063867,19735.6,57880.1236204582,4700,2.50321454021344,1.18358096197431,0.86688779424722,0.826102971954793
2022,Cesion,Entre 65 y 74 anos,26240.0886134079,17673.4,88602.6304890943,32624,3.83190945471764,8.21556283052128,0.964674549119696,0.739782335705316
2022,Cesion,Mayores de 74 anos,17930.8614092311,13294,450186.347843808,54478.3,19.4697754814381,13.7190380256862,0.659199208513314,0.556467141063206
2022,Cesion,Menor de 35 anos,30657.4898478633,26400,31227.575187845,10640,1.35053823966251,2.67942583732057,1.12707318301576,1.10506488070322
2022,Propiedad,Entre 35 y 44 anos,44092.0244138891,38840.8,224937.364074624,135530.8,9.72814923618897,34.1301435406699,1.62097218488467,1.62581833403098
2022,Propiedad,Entre 45 y 54 anos,46305.2988430608,37316.6,283390.433320659,164898.4,12.2561426768433,41.5256610425586,1.70233965065414,1.56201758057765
2022,Propiedad,Entre 55 y 64 anos,45607.8565574591,35144,336677.403123909,220360,14.5607113140855,55.492319315034,1.67669930955956,1.47107576391796
2022,Propiedad,Entre 65 y 74 anos,37749.3783050284,28200,414663.968896507,247490.2,17.9334944591836,62.3244019138756,1.38779502738968,1.18041021347844
2022,Propiedad,Mayores de 74 anos,25465.4485976328,19520,401351.641565752,231418.6,17.3577594874178,58.2771594056913,0.936196157946652,0.81707827542905
2022,Propiedad,Menor de 35 anos,37197.4780197073,34200.6,143755.011801782,107388,6.21715389086667,27.0430622009569,1.36750530326775,1.4315864378401
