year,bage,mean_renthog,median_renthog,mean_riquezanet,median_riquezanet,mean_renthog_IPC,median_renthog_IPC,mean_riquezanet_IPC,median_riquezanet_IPC
2002,Menor de 35 anos,26940.6192306555,23017.8,80423.5666492267,48343.4,40128.5242442544,34285.4162868819,119792.311248014,72008.3410979002
2002,Entre 35 y 44 anos,29877.571460931,23869.4,122934.628469556,87319.8,44503.1660358106,35553.8894037701,183113.282466261,130064.37162054
2002,Entre 45 y 54 anos,37072.7909680396,27717.8,191473.427289137,120983.4,55220.5715253323,41286.1486135311,285203.023854759,180206.893482537
2002,Entre 55 y 64 anos,34183.8975074916,25034,214159.590461351,121819.4,50917.5141130974,37288.5815032628,318994.461277601,181452.130126171
2002,Entre 65 y 74 anos,21134.0674263835,15170.6,147742.171959316,97881.4,31479.5636224396,22596.8744329072,220064.553030839,145796.059820782
2002,Mayor de 74 anos,13596.5261967646,9729.8,115244.518871593,73465,20252.263931026,14492.7075301768,171658.729517764,109427.404335592
2005,Menor de 35 anos,27111.2094435311,21904.4,126365.849593331,71136.332,36922.8168925578,29831.6514438761,172097.933724618,96880.7299547055
2005,Entre 35 y 44 anos,34012.066204495,25315.272,197908.061118748,157567.966,46321.1091789108,34476.9256638354,269531.431914493,214592.165977271
2005,Entre 45 y 54 anos,37365.5323261789,28880.75,318739.98906614,218426.546,50888.202204555,39332.7581416394,434092.70534897,297475.602452556
2005,Entre 55 y 64 anos,36402.9458430584,25645.266,387828.532553479,230018.494,49577.2535162076,34926.3452318935,528184.547539552,313262.702409256
2005,Entre 65 y 74 anos,20377.6325120885,14048.978,234651.013897123,180711.13,27752.3433808743,19133.3346194684,319571.741637804,246110.892888597
2005,Mayor de 74 anos,12962.7082173706,9323.058,199567.624101915,134524.28,17653.9413683675,12697.0935815197,271791.594460055,183208.918377057
2008,Menor de 35 anos,31166.4438340257,26463,136714.032028131,74571,38154.2674861131,32396.2652223641,167366.664444776,91290.5526167445
2008,Entre 35 y 44 anos,34967.5076107955,29468.6,200570.735993597,149828.8,42807.5671966279,36075.750343187,245540.670335689,183421.892557478
2008,Entre 45 y 54 anos,41423.6457983004,31280,316883.524490433,197435.2,50711.2351494164,38293.2840628632,387931.931526643,241702.116291822
2008,Entre 55 y 64 anos,41669.8804454066,31045,425809.067169554,270516.4,51012.6780294598,38005.5947484523,521279.65363384,331168.841076187
2008,Entre 65 y 74 anos,24477.1770871559,17799.6,321921.742925641,192099.8,29965.2012549702,21790.4456203753,394099.768154207,235170.467065831
2008,Mayor de 74 anos,16048.6562673809,10982.8,258063.412766793,151505.8,19646.9230586338,13445.2519247319,315923.77146134,185474.892473508
2011,Menor de 35 anos,33200.59166568,25776,101752.302181286,68326.8,38645.2094401744,30003.0471914643,118438.823874351,79531.8204857909
2011,Entre 35 y 44 anos,32300.7710857465,27115.4,169502.91275399,115462.6,37597.8258537531,31562.097525428,197299.964713246,134397.495214508
2011,Entre 45 y 54 anos,38866.0859482216,29380.4,254906.634654572,161753.84,45239.7971311298,34198.5384739331,296709.178652952,188280.109207036
2011,Entre 55 y 64 anos,43805.2929350776,28538.2,409105.308540734,232007.6,50988.9925188956,33218.2247578929,476195.138051917,270054.894924673
2011,Entre 65 y 74 anos,27853.3612836901,18655.2,350892.874597557,192010.5,32421.078252462,21714.4958863363,408436.354581746,223498.606950522
2011,Mayor de 74 anos,18389.0228518384,12198.6,255755.423325939,153005.4,21404.6679247604,14199.0677944521,297697.161527044,178096.998632405
2014,Menor de 35 anos,25726.1361906402,20919.8,81336.5196110697,4760,28534.569461139,23203.5421794243,90215.7460168372,5279.63272947446
2014,Entre 35 y 44 anos,33024.3636789192,28072,121164.264917989,69090.3,36629.5191910272,31136.5231054217,134391.34846717,76632.648985128
2014,Entre 45 y 54 anos,33649.8538970872,24970,212226.03394934,124279,37323.2920119948,27695.8884989448,235394.015732247,137846.108400495
2014,Entre 55 y 64 anos,37312.0700068702,27075.6,361464.36909943,186905.8,41385.299582503,30031.3495651594,400924.183537014,207309.65945559
2014,Entre 65 y 74 anos,30015.6410473337,22361.2,391988.518214339,206843.2,33292.3447205168,24802.2948299001,434780.548391307,229423.556426309
2014,Mayor de 74 anos,18640.6226211944,13813,270859.578528468,126743.6,20675.5548925714,15320.9174143342,300428.381489613,140579.7602545
2017,Menor de 35 anos,26647.1269045825,22000,46893.4422720144,5297.2,29169.892348482,24082.8076499401,51332.9886491133,5798.70221287558
2017,Entre 35 y 44 anos,35907.564536926,29613.4,134921.447874002,64858.4,39307.0440873,32416.9916391244,147694.876227319,70998.7441674034
2017,Entre 45 y 54 anos,38032.2055924948,27795.2,239618.608386871,114380.92,41632.8314448649,30426.6570541643,262304.038869425,125209.713417418
2017,Entre 55 y 64 anos,40366.006983932,28303,313482.33262554,174464.672,44187.5809904624,30982.5320416479,343160.669012519,190981.778976631
2017,Entre 65 y 74 anos,33603.0250349304,24867.2,368477.405388109,180544.6,36784.3267441978,27221.4542905723,403362.29442322,197637.312456153
2017,Mayor de 74 anos,22916.1290203007,15259.8,333782.721418166,129520.8,25085.6694216869,16704.4921898435,365382.958035783,141782.932412107
2020,Menor de 35 anos,31612.703799125,28255.8,68168.4549288547,23968.6,33704.4942733087,30125.4665004047,72679.1138578119,25554.5854784363
2020,Entre 35 y 44 anos,39740.6573906855,33299.2,139997.157449773,70000,42370.2688625753,35502.5847468582,149260.671327834,74631.8509838097
2020,Entre 45 y 54 anos,37388.6777300531,30583.8,268697.045625521,116480.84,39862.6603547287,32607.5086302663,286476.540984483,124188.295619271
2020,Entre 55 y 64 anos,43837.1522893608,32011,330425.759506107,160650.2,46737.8259602021,34129.1454548962,352289.80063817,171280.311241703
2020,Entre 65 y 74 anos,34655.3805130184,26010.8,363660.291799466,197925.4,36948.502774783,27731.916422424,387723.438661521,211021.985124442
2020,Mayor de 74 anos,27397.5805707614,17647.8,381243.572277328,165187.8,29210.4592924855,18815.5425684582,406470.19249624,176118.161056334
2022,Menor de 35 anos,31373.3036025503,26900,76839.4985364313,20069.4,31373.3036025503,26900,76839.4985364313,20069.4
2022,Entre 35 y 44 anos,40389.5871897141,32326.6,185342.906332369,76932.8,40389.5871897141,32326.6,185342.906332369,76932.8
2022,Entre 45 y 54 anos,43141.9217216373,34200,257792.071684505,128172.6,43141.9217216373,34200,257792.071684505,128172.6
2022,Entre 55 y 64 anos,44961.1294141034,32822.2,388459.110157747,189872.6,44961.1294141034,32822.2,388459.110157747,189872.6
2022,Entre 65 y 74 anos,38646.7683038352,27416.6,442044.618239681,223960.25,38646.7683038352,27416.6,442044.618239681,223960.25
2022,Mayor de 74 anos,28087.8704321976,19651.6,454993.059679048,221254.4,28087.8704321976,19651.6,454993.059679048,221254.4
